0_config,numCycles,iqFullEvents,cpi,ipc,enterRA,totalCyclesRA,cyclesAvgRA,pctRobEmptyRA,totalDecodedRA,l1Miss,l1MissRA,icacheStallCycles,fullRegistersEvents,l2Miss,l2MissRA,freeRegsAvg,iqFullRa,fullROBstalls
base_bzip2d_rob128_128kB,390270865,0,2.195153,0.455549,1041603,,,,22286197,1657240,,46761471,,1065377,,,,218638364
base_bzip2d_rob128_256kB,377329995,0,2.122365,0.471173,982909,,,,21268567,1636043,,46755444,,1004639,,,,206562799
base_bzip2d_rob128_64kB,396306066,0,2.229099,0.448612,1070630,,,,22947955,1684079,,46773851,,1095540,,,,224540408
base_bzip2d_rob160_128kB,388851737,283,2.187171,0.457212,1003607,,,,17018711,1656101,,47339941,,1065791,,,,216216811
base_bzip2d_rob160_256kB,375886745,272,2.114247,0.472982,945496,,,,16298216,1645369,,47326270,,1005253,,,,204191982
base_bzip2d_rob160_64kB,394840380,388,2.220855,0.450277,1032698,,,,17375674,1675977,,47355548,,1096017,,,,222082002
base_bzip2d_rob192_128kB,388651216,6882,2.186043,0.457448,1002710,,,,20924418,1654088,,47885860,,1065830,,,,209501898
base_bzip2d_rob192_256kB,375660294,5920,2.112973,0.473267,944605,,,,20206493,1641032,,47857193,,1005212,,,,197533839
base_bzip2d_rob192_64kB,394642142,5513,2.219740,0.450503,1031470,,,,21300138,1668107,,47904008,,1096050,,,,215295908
base_bzip2d_rob64_128kB,398089496,0,2.239130,0.446602,1059760,,,,28857707,1494781,,43170894,,1073150,,,,228104853
base_bzip2d_rob64_256kB,384891557,0,2.164896,0.461916,999650,,,,27096845,1483176,,43168965,,1012050,,,,215799254
base_bzip2d_rob64_64kB,404254624,0,2.273807,0.439791,1089449,,,,29714361,1516638,,43175432,,1103735,,,,234115559
base_bzip2d_rob96_128kB,392029025,0,2.205042,0.453506,1048945,,,,28728736,1560419,,45891063,,1066660,,,,224163995
base_bzip2d_rob96_256kB,378977941,0,2.131634,0.469124,989781,,,,27011665,1541377,,45887950,,1005846,,,,212012227
base_bzip2d_rob96_64kB,398105699,0,2.239222,0.446584,1078212,,,,29472019,1585508,,45899602,,1096839,,,,230082985
base_cg_rob128_128kB,315810301,397218,2.373237,0.421365,3611663,,,,71035746,43966564,,25448726,,9671617,1,,,198065547
base_cg_rob128_256kB,314470344,397248,2.363168,0.423161,3601549,,,,70847360,43960258,,25452034,,9677275,1,,,198468098
base_cg_rob128_64kB,317607787,397444,2.386745,0.418981,3615340,,,,71101356,43976205,,25451029,,9673747,1,,,198889337
base_cg_rob160_128kB,285699647,2709653,2.146964,0.465774,3280370,,,,66686490,46261692,,26280504,,7370446,1,,,71676416
base_cg_rob160_256kB,284434508,2693600,2.137457,0.467846,3267189,,,,66654665,46248755,,26283039,,7377562,1,,,72428400
base_cg_rob160_64kB,287420368,2701846,2.159895,0.462985,3280506,,,,66774735,46265641,,26282673,,7375416,1,,,72353627
base_cg_rob192_128kB,279605296,3542558,2.101166,0.475926,3265214,,,,67079046,48825428,,26985152,,6512901,1,,,27334526
base_cg_rob192_256kB,278295755,3524316,2.091326,0.478166,3251500,,,,67171548,48818105,,26982325,,6504237,1,,,27763741
base_cg_rob192_64kB,281302035,3534779,2.113917,0.473055,3268177,,,,67131772,48826261,,26984711,,6518625,1,,,27364964
base_cg_rob64_128kB,540329825,0,4.060451,0.246278,4279408,,,,52875191,33405709,,24657579,,8594753,1,,,444207107
base_cg_rob64_256kB,539020153,0,4.050609,0.246876,4272904,,,,52778221,33407242,,24657594,,8589020,1,,,444513470
base_cg_rob64_64kB,542403131,0,4.076031,0.245337,4283615,,,,52920699,33414308,,24657597,,8599058,1,,,445499553
base_cg_rob96_128kB,331410829,0,2.490471,0.401530,3545340,,,,51374944,36395940,,24855424,,10976102,1,,,235098421
base_cg_rob96_256kB,329942127,0,2.479435,0.403318,3537208,,,,51270850,36375176,,24855563,,10982572,1,,,235295118
base_cg_rob96_64kB,333250322,0,2.504295,0.399314,3548088,,,,51398128,36396608,,24853530,,10973428,1,,,236069373
base_consumer_rob128_128kB,103617965,4609,0.900033,1.111070,121419,,,,3333270,1228450,,19372818,13,238614,,,,8618319
base_consumer_rob128_256kB,74387450,2229,0.646133,1.547669,12287,,,,554079,1148282,,15398361,13,25461,,,,2090336
base_consumer_rob128_64kB,111261020,6493,0.966421,1.034745,170072,,,,4669450,1238468,,19967085,13,323413,,,,12380349
base_consumer_rob160_128kB,102755960,14949,0.892545,1.120392,120346,,,,4209258,1227589,,19515888,13,225716,,,,6693674
base_consumer_rob160_256kB,74122530,6235,0.643833,1.553199,12239,,,,752641,1142225,,15454333,13,25548,,,,1546379
base_consumer_rob160_64kB,110275804,22168,0.957862,1.043991,168780,,,,5916341,1245529,,20098389,13,307808,,,,8946365
base_consumer_rob192_128kB,102338658,25448,0.888920,1.124961,119450,,,,4801368,1243009,,19584555,13,230085,,,,4726151
base_consumer_rob192_256kB,74016016,7623,0.642907,1.555434,12095,,,,942191,1145917,,15482383,13,25197,,,,1249106
base_consumer_rob192_64kB,109716748,35878,0.953006,1.049311,167648,,,,6716522,1256394,,20182280,13,313947,,,,6201026
base_consumer_rob64_128kB,108772125,0,0.944801,1.058424,128618,,,,1678632,1080718,,19056261,,245193,,,,13043385
base_consumer_rob64_256kB,78492845,0,0.681793,1.466720,12736,,,,216176,1003975,,15197679,,24555,,,,4057254
base_consumer_rob64_64kB,116976722,0,1.016068,0.984186,180489,,,,2251197,1097603,,19597227,,329936,,,,18022052
base_consumer_rob96_128kB,105311998,0,0.914748,1.093197,125280,,,,2639975,1184224,,19193437,8,245463,,,,10772146
base_consumer_rob96_256kB,75320550,0,0.654238,1.528496,12451,,,,383547,1099251,,15286450,8,24161,,,,2929790
base_consumer_rob96_64kB,113394720,0,0.984955,1.015275,175516,,,,3584912,1200135,,19757813,8,333802,,,,15271734
base_d_rob81_256kB,152579,0,2.710684,0.368911,113,10899,96.451,,3207,302,,44952,,180,,,,
base_dijkstra_rob128_128kB,151990,0,2.700220,0.370340,111,,,,4574,314,,45017,,187,,,,6844
base_dijkstra_rob128_256kB,151990,0,2.700220,0.370340,111,,,,4574,314,,45017,,187,,,,6844
base_dijkstra_rob128_64kB,152525,0,2.709725,0.369041,111,,,,4574,314,,45044,,187,,,,7372
base_dijkstra_rob160_128kB,152224,1,2.704377,0.369771,113,,,,5318,325,,44605,,188,,,,5549
base_dijkstra_rob160_256kB,152224,1,2.704377,0.369771,113,,,,5318,325,,44605,,188,,,,5549
base_dijkstra_rob160_64kB,152380,1,2.707149,0.369392,113,,,,5318,325,,44612,,188,,,,5549
base_dijkstra_rob192_128kB,152232,5,2.704520,0.369751,111,,,,5849,326,,45471,,188,,,,4808
base_dijkstra_rob192_256kB,152232,5,2.704520,0.369751,111,,,,5849,326,,45471,,188,,,,4808
base_dijkstra_rob192_64kB,152388,5,2.707291,0.369373,111,,,,5849,326,,45478,,188,,,,4808
base_dijkstra_rob64_128kB,153183,0,2.721415,0.367456,112,,,,2658,304,,44913,,179,,,,9913
base_dijkstra_rob64_256kB,153183,0,2.721415,0.367456,112,,,,2658,304,,44913,,179,,,,9913
base_dijkstra_rob64_64kB,153441,0,2.725998,0.366838,112,,,,2658,304,,44940,,179,,,,9915
base_dijkstra_rob96_128kB,152580,0,2.710702,0.368908,112,,,,3683,305,,44953,,184,,,,8819
base_dijkstra_rob96_256kB,152580,0,2.710702,0.368908,112,,,,3683,305,,44953,,184,,,,8819
base_dijkstra_rob96_64kB,152580,0,2.710702,0.368908,112,,,,3683,305,,44961,,184,,,,8332
base_hj2_rob128_128kB,,,,,,,,,,,,,,,,,,
base_hj2_rob128_256kB,,,,,,,,,,,,,,,,,,
base_hj2_rob128_64kB,,,,,,,,,,,,,,,,,,
base_hj2_rob160_128kB,,,,,,,,,,,,,,,,,,
base_hj2_rob160_256kB,,,,,,,,,,,,,,,,,,
base_hj2_rob160_64kB,,,,,,,,,,,,,,,,,,
base_hj2_rob192_128kB,,,,,,,,,,,,,,,,,,
base_hj2_rob192_256kB,,,,,,,,,,,,,,,,,,
base_hj2_rob192_64kB,,,,,,,,,,,,,,,,,,
base_hj2_rob64_128kB,,,,,,,,,,,,,,,,,,
base_hj2_rob64_256kB,,,,,,,,,,,,,,,,,,
base_hj2_rob64_64kB,,,,,,,,,,,,,,,,,,
base_hj2_rob96_128kB,,,,,,,,,,,,,,,,,,
base_hj2_rob96_256kB,,,,,,,,,,,,,,,,,,
base_hj2_rob96_64kB,,,,,,,,,,,,,,,,,,
base_is_rob128_128kB,,,,,,,,,,,,,,,,,,
base_is_rob128_256kB,,,,,,,,,,,,,,,,,,
base_is_rob128_64kB,,,,,,,,,,,,,,,,,,
base_is_rob160_128kB,,,,,,,,,,,,,,,,,,
base_is_rob160_256kB,,,,,,,,,,,,,,,,,,
base_is_rob160_64kB,,,,,,,,,,,,,,,,,,
base_is_rob192_128kB,,,,,,,,,,,,,,,,,,
base_is_rob192_256kB,,,,,,,,,,,,,,,,,,
base_is_rob192_64kB,,,,,,,,,,,,,,,,,,
base_is_rob64_128kB,,,,,,,,,,,,,,,,,,
base_is_rob64_256kB,,,,,,,,,,,,,,,,,,
base_is_rob64_64kB,,,,,,,,,,,,,,,,,,
base_is_rob96_128kB,,,,,,,,,,,,,,,,,,
base_is_rob96_256kB,,,,,,,,,,,,,,,,,,
base_is_rob96_64kB,,,,,,,,,,,,,,,,,,
base_qsort_rob128_128kB,91648330,0,0.696199,1.436371,44306,,,,2085519,174794,,21438982,,68805,,,,18873265
base_qsort_rob128_256kB,89919654,0,0.683067,1.463985,30816,,,,1433283,167256,,21416389,,47139,,,,17223006
base_qsort_rob128_64kB,93008608,0,0.706532,1.415364,56807,,,,2658695,181340,,21454425,,87638,,,,20156529
base_qsort_rob160_128kB,91828684,1,0.697569,1.433550,39793,,,,2489989,178190,,21682697,,69992,,,,18070231
base_qsort_rob160_256kB,90317652,1,0.686090,1.457534,27798,,,,1707854,171188,,21652165,,47968,,,,16701942
base_qsort_rob160_64kB,93031370,3,0.706705,1.415018,50989,,,,3163783,184862,,21707706,,89024,,,,19169178
base_qsort_rob192_128kB,91735409,668,0.696860,1.435008,37638,,,,2863216,184637,,21962841,,71113,,,,16107129
base_qsort_rob192_256kB,90239830,635,0.685499,1.458791,26197,,,,1945306,177207,,21922691,,48888,,,,14804673
base_qsort_rob192_64kB,92854738,658,0.705363,1.417709,48315,,,,3626741,192027,,21991894,,90316,,,,17077997
base_qsort_rob64_128kB,94716442,0,0.719506,1.389843,54496,,,,1017219,155904,,21021477,,60802,,,,20669070
base_qsort_rob64_256kB,92449706,0,0.702286,1.423920,38030,,,,712018,152281,,21018382,,42448,,,,18405332
base_qsort_rob64_64kB,96683579,0,0.734449,1.361565,69337,,,,1288477,158978,,21024500,,77143,,,,22651751
base_qsort_rob96_128kB,91766817,0,0.697099,1.434517,45825,,,,1598267,161844,,21177778,,64197,,,,18892396
base_qsort_rob96_256kB,89922884,0,0.683092,1.463932,31906,,,,1119770,156141,,21168515,,44250,,,,17078191
base_qsort_rob96_64kB,93313066,0,0.708845,1.410746,58147,,,,2014793,167104,,21183968,,81653,,,,20422669
base_randacc200k_rob128_128kB,2029151,0,1.444925,0.692078,512,,,,6150,29594,,281260,,597,,,,469066
base_randacc200k_rob128_256kB,1982670,0,1.411826,0.708302,87,,,,3258,29588,,280648,,164,,,,426500
base_randacc200k_rob128_64kB,4176226,0,2.973821,0.336268,15564,,,,83885,29611,,281000,,15740,,,,2599749
base_randacc200k_rob160_128kB,2032561,9419,1.447353,0.690917,502,,,,7240,29599,,280983,,590,,,,213146
base_randacc200k_rob160_256kB,1986185,9376,1.414329,0.707049,87,,,,3640,29594,,280491,,165,,,,193681
base_randacc200k_rob160_64kB,4179865,10475,2.976412,0.335975,15555,,,,109612,29616,,281189,,15736,,,,1387345
base_randacc200k_rob192_128kB,2032879,22824,1.447579,0.690808,499,,,,8372,29603,,281166,,590,,,,3973
base_randacc200k_rob192_256kB,1987300,22848,1.415123,0.706652,85,,,,3887,29596,,280660,,165,,,,2310
base_randacc200k_rob192_64kB,4184817,21249,2.979938,0.335577,15549,,,,134495,29623,,281310,,15737,,,,21767
base_randacc200k_rob64_128kB,2031969,0,1.446931,0.691118,509,,,,4658,29583,,280529,,585,,,,470030
base_randacc200k_rob64_256kB,1986129,0,1.414289,0.707069,89,,,,2128,29577,,280014,,159,,,,429770
base_randacc200k_rob64_64kB,4184804,0,2.979929,0.335578,15611,,,,77149,29585,,280440,,15737,,,,2606334
base_randacc200k_rob96_128kB,2032077,0,1.447008,0.691081,512,,,,5388,29585,,280660,,593,,,,472432
base_randacc200k_rob96_256kB,1985208,0,1.413634,0.707397,88,,,,2715,29578,,280159,,162,,,,429419
base_randacc200k_rob96_64kB,4185659,0,2.980538,0.335510,15585,,,,79435,29591,,280586,,15740,,,,2608233
base_randacc500k_rob128_128kB,10783351,0,4.984089,0.200638,40815,,,,196800,85504,,373337,,40927,,,,8171875
base_randacc500k_rob128_256kB,3782349,0,1.748210,0.572014,269,,,,4664,85502,,373549,,353,,,,1209296
base_randacc500k_rob128_64kB,15094207,0,6.976577,0.143337,65424,,,,314668,85502,,373082,,65560,,,,12472343
base_randacc500k_rob160_128kB,10693765,28662,4.942682,0.202319,40761,,,,283014,85512,,372958,,40928,,,,4444027
base_randacc500k_rob160_256kB,3765863,26885,1.740590,0.574518,266,,,,5316,85510,,372945,,351,,,,568840
base_randacc500k_rob160_64kB,14956732,29795,6.913035,0.144654,65239,,,,447453,85512,,372666,,65563,,,,6848785
base_randacc500k_rob192_128kB,10818851,55871,5.000497,0.199980,40825,,,,312153,85513,,373333,,40928,,,,13731
base_randacc500k_rob192_256kB,3793893,58945,1.753546,0.570273,264,,,,6116,85514,,373275,,351,,,,2629
base_randacc500k_rob192_64kB,15153238,54039,7.003861,0.142778,65442,,,,434101,85513,,372987,,65562,,,,12036
base_randacc500k_rob64_128kB,10737031,0,4.962680,0.201504,40817,,,,197531,85493,,372899,,40928,,,,8125473
base_randacc500k_rob64_256kB,3766728,0,1.740990,0.574386,270,,,,3341,85493,,372966,,346,,,,1197443
base_randacc500k_rob64_64kB,14996569,0,6.931448,0.144270,65317,,,,311955,85495,,372536,,65562,,,,12373848
base_randacc500k_rob96_128kB,10684892,0,4.938581,0.202487,40786,,,,208584,85493,,372398,,40931,,,,8079838
base_randacc500k_rob96_256kB,3762114,0,1.738858,0.575090,272,,,,4079,85493,,372491,,353,,,,1196546
base_randacc500k_rob96_64kB,14941998,0,6.906225,0.144797,65265,,,,329090,85498,,371968,,65561,,,,12322804
base_randacc600k_rob128_128kB,34784451,0,9.553942,0.104669,151739,,,,737818,210477,,537316,,154750,,,,30166767
base_randacc600k_rob128_256kB,24730905,0,6.792622,0.147219,96114,,,,468905,210475,,537472,,98519,,,,20175131
base_randacc600k_rob128_64kB,40367388,0,11.087359,0.090193,182941,,,,886107,210480,,537117,,186722,,,,35738512
base_randacc600k_rob160_128kB,34952954,67086,9.600223,0.104164,151545,,,,1027834,210480,,536795,,154749,,,,17871823
base_randacc600k_rob160_256kB,24815209,63322,6.815777,0.146718,95862,,,,661759,210475,,536819,,98516,,,,12038508
base_randacc600k_rob160_64kB,40915884,69929,11.238009,0.088984,183798,,,,1226267,210485,,536479,,186723,,,,21269046
base_randacc600k_rob192_128kB,35143367,120822,9.652522,0.103600,152360,,,,931378,210490,,537312,,154753,,,,583058
base_randacc600k_rob192_256kB,24923682,125113,6.845571,0.146080,96258,,,,708477,210482,,537301,,98518,,,,644889
base_randacc600k_rob192_64kB,40808257,118130,11.208448,0.089218,181756,,,,1025167,210489,,537034,,186718,,,,880928
base_randacc600k_rob64_128kB,34892428,0,9.583599,0.104345,153233,,,,714026,210483,,537197,,154752,,,,30244499
base_randacc600k_rob64_256kB,24816672,0,6.816179,0.146710,98074,,,,459294,210490,,537216,,98523,,,,20227944
base_randacc600k_rob64_64kB,40482721,0,11.119036,0.089936,184839,,,,859252,210482,,536854,,186720,,,,35823970
base_randacc600k_rob96_128kB,34962143,0,9.602747,0.104137,153696,,,,730636,210474,,535505,,154753,,,,30317507
base_randacc600k_rob96_256kB,24590398,0,6.754030,0.148060,97892,,,,487051,210479,,535800,,98522,,,,20028813
base_randacc600k_rob96_64kB,40190847,0,11.038870,0.090589,184366,,,,896296,210474,,535421,,186720,,,,35555027
base_susan_rob128_128kB,56298716,38133,1.488786,0.671688,20977,,,,1662236,137191,,3838153,,28957,,,,2612875
base_susan_rob128_256kB,56277243,38143,1.488219,0.671944,20969,,,,1662239,137157,,3836982,,28943,,,,2632193
base_susan_rob128_64kB,56270289,38133,1.488035,0.672027,20981,,,,1662895,137160,,3837843,,28964,,,,2608598
base_susan_rob160_128kB,56085499,45887,1.483148,0.674242,20995,,,,2119585,166413,,3868219,,28999,,,,1980701
base_susan_rob160_256kB,56071529,45889,1.482779,0.674409,20996,,,,2120027,166496,,3867324,,28976,,,,1999911
base_susan_rob160_64kB,56049445,45897,1.482195,0.674675,20995,,,,2119732,166471,,3868746,,29004,,,,1973827
base_susan_rob192_128kB,55856142,46606,1.477083,0.677010,20879,,,,2537267,194928,,3902363,,28602,,,,1578110
base_susan_rob192_256kB,55839493,46605,1.476643,0.677212,20887,,,,2537220,194980,,3901700,,28600,,,,1601206
base_susan_rob192_64kB,55827906,46584,1.476336,0.677352,20885,,,,2537610,194974,,3901447,,28629,,,,1577096
base_susan_rob64_128kB,57329278,0,1.516039,0.659614,21369,,,,699292,76553,,3708575,,28274,,,,9673022
base_susan_rob64_256kB,57308570,0,1.515491,0.659852,21362,,,,699328,76535,,3708266,,28257,,,,9691939
base_susan_rob64_64kB,57309244,0,1.515509,0.659844,21367,,,,699192,76578,,3708015,,28294,,,,9681036
base_susan_rob96_128kB,56674190,148662,1.498716,0.667238,21048,,,,1171147,106863,,3774994,,28307,,,,8698389
base_susan_rob96_256kB,56646903,148654,1.497994,0.667559,21045,,,,1171143,106876,,3774844,,28294,,,,8712972
base_susan_rob96_64kB,56630963,148654,1.497573,0.667747,21053,,,,1171236,106893,,3775156,,28327,,,,8688085
pre_bzip2d_rob128_128kB,388261056,1834860,2.183849,0.457907,1025165,196341872,191.522,0.000,78920939,1550535,150554,55140459,210443,1041798,28515,316.042,1834860,
pre_bzip2d_rob128_256kB,375316074,1852562,2.111037,0.473701,967267,184961504,191.221,0.000,73892944,1533281,145564,54615656,202431,982895,26588,316.011,1852562,
pre_bzip2d_rob128_64kB,394255447,1878309,2.217565,0.450945,1053830,201924041,191.610,0.000,81003803,1573761,154188,55395265,227084,1071330,29420,316.061,1878309,
pre_bzip2d_rob160_128kB,386830050,1630404,2.175800,0.459601,1005101,193631457,192.649,0.000,45903995,1606974,86014,52932717,350901,1053773,21243,292.050,1630404,
pre_bzip2d_rob160_256kB,,,,,,,,,,,,,,,,,,
pre_bzip2d_rob160_64kB,392758944,1609574,2.209148,0.452663,1033600,199077462,192.606,0.000,47120706,1619580,88783,53116375,354395,1083386,22078,292.124,1609574,
pre_bzip2d_rob192_128kB,388550078,1956376,2.185474,0.457567,995854,191979357,192.779,0.000,19556744,1606069,29323,52253055,104817,1056207,9203,267.055,1956376,
pre_bzip2d_rob192_256kB,375546423,1859372,2.112333,0.473410,938036,180777095,192.719,0.000,18412305,1595242,28379,51960229,107473,996388,8621,266.917,1859372,
pre_bzip2d_rob192_64kB,394532881,1995616,2.219126,0.450628,1024315,197466940,192.780,0.000,20199159,1618506,31024,52399660,115173,1086167,9533,267.146,1995616,
pre_bzip2d_rob64_128kB,394925480,204532,2.221334,0.450180,1035787,200605753,193.675,0.000,129834732,1401257,306195,57350523,54659,1043311,39458,366.796,204532,
pre_bzip2d_rob64_256kB,381831842,183098,2.147686,0.465617,977118,189055096,193.482,0.000,122786984,1392879,301781,56482298,50270,983992,36502,366.750,183098,
pre_bzip2d_rob64_64kB,401020032,114383,2.255614,0.443338,1064567,206225300,193.718,0.000,134693058,1419597,313188,57708350,60714,1072402,41080,366.824,114383,
pre_bzip2d_rob96_128kB,389042595,1933154,2.188244,0.456987,1027545,197101202,191.818,0.000,108820012,1457586,263806,56799994,96511,1038187,34331,341.727,1933154,
pre_bzip2d_rob96_256kB,376141196,1781476,2.115678,0.472662,969572,185873341,191.707,0.000,102162468,1443929,257722,56112597,81930,979559,31886,341.637,1781476,
pre_bzip2d_rob96_64kB,395057762,1912712,2.222078,0.450029,1056238,202615694,191.828,0.000,112676485,1478683,267493,57188055,105808,1067544,35115,341.778,1912712,
pre_cg_rob128_128kB,298887646,1721804,2.246068,0.445222,2359816,133734289,56.671,0.000,70388339,41935752,9985989,43038467,882219,6220678,1337909,304.183,1721804,
pre_cg_rob128_256kB,297314343,1705317,2.234245,0.447578,2349339,133996756,57.036,0.000,70209809,41882978,9993034,42954746,780761,6221517,1334698,304.140,1705317,
pre_cg_rob128_64kB,300427605,1745806,2.257641,0.442940,2363374,134095661,56.739,0.000,70345996,41942179,10006748,43052150,733536,6189881,1351685,304.129,1745806,
pre_cg_rob160_128kB,285179785,3323233,2.143057,0.466623,1143800,60943344,53.281,0.000,34278699,45654587,4115239,34733778,27148,7190420,128355,287.759,3323233,
pre_cg_rob160_256kB,283791189,3326274,2.132623,0.468906,1141169,62311575,54.603,0.000,33843160,45632781,4159934,34622414,154029,7201830,130072,287.635,3326274,
pre_cg_rob160_64kB,286974701,3343604,2.156546,0.463704,1141298,61699715,54.061,0.000,33322114,45667240,4125107,34650427,21367,7202678,125927,287.699,3343604,
pre_cg_rob192_128kB,279268281,3855643,2.098634,0.476500,483566,23494631,48.586,0.000,12904344,48587689,898826,30562302,117667,6372171,70974,269.643,3855643,
pre_cg_rob192_256kB,277867349,3831768,2.088106,0.478903,479208,23915531,49.906,0.000,12691532,48558888,924746,30525846,340537,6361730,76093,269.766,3831768,
pre_cg_rob192_64kB,281091784,3842413,2.112337,0.473409,480847,23674980,49.236,0.000,12717954,48589732,894830,30553648,109996,6376190,69303,269.585,3842413,
pre_cg_rob64_128kB,342148937,1613081,2.571166,0.388929,2734479,204567235,74.810,0.000,179580117,23413323,29120888,54400371,132315,4401400,3927845,359.882,1613081,
pre_cg_rob64_256kB,340570798,1614330,2.559306,0.390731,2732122,205538035,75.230,0.000,181348005,23403212,29117084,54361778,149728,4393200,3943846,359.889,1614330,
pre_cg_rob64_64kB,344259623,1616397,2.587027,0.386544,2736811,205942094,75.249,0.000,180737365,23404852,29167689,54411694,114314,4413864,3927147,359.893,1616397,
pre_cg_rob96_128kB,311779505,1078522,2.342948,0.426813,2601203,167686459,64.465,0.000,117708688,33436538,19525122,47355308,123326,8078134,1064123,331.011,1078522,
pre_cg_rob96_256kB,310141962,1089530,2.330642,0.429066,2595850,167749748,64.622,0.000,119335547,33361280,19577147,47057685,59547,8067189,1067791,331.023,1089530,
pre_cg_rob96_64kB,313367842,1097529,2.354884,0.424649,2601109,168244705,64.682,0.000,117754659,33439498,19555857,47394286,81117,8050044,1075644,331.028,1097529,
pre_consumer_rob128_128kB,102822822,50891,0.893127,1.119662,66346,6343639,95.614,0.000,5048994,1204699,145326,20094329,343396,197188,26420,311.649,50891,
pre_consumer_rob128_256kB,74463185,8000,0.646791,1.546094,9528,1064950,111.771,0.000,924363,1136817,24932,15566476,51542,24034,2365,317.185,8000,
pre_consumer_rob128_64kB,110646009,71395,0.961079,1.040497,96101,10050562,104.583,0.000,7189257,1206236,199384,20956403,329837,289244,34082,308.601,71395,
pre_consumer_rob160_128kB,102362566,62095,0.889129,1.124697,58039,5272247,90.840,0.000,3496982,1215008,82814,20067633,326760,206518,12693,285.675,62095,
pre_consumer_rob160_256kB,74284306,11969,0.645238,1.549817,8974,973700,108.502,0.000,735011,1134185,16871,15624511,58003,26300,1782,292.814,11969,
pre_consumer_rob160_64kB,109882134,87049,0.954444,1.047730,76860,7418788,96.523,0.000,5037347,1226184,104372,20806772,404470,291418,17765,283.808,87049,
pre_consumer_rob192_128kB,102119130,48077,0.887014,1.127378,40415,3840190,95.019,0.000,2327242,1235466,36007,19956654,356875,216801,6660,265.690,48077,
pre_consumer_rob192_256kB,74103995,12917,0.643672,1.553587,8101,829760,102.427,0.000,508847,1141910,10031,15591490,61123,24988,925,268.950,12917,
pre_consumer_rob192_64kB,109651420,72947,0.952440,1.049935,55142,5356206,97.135,0.000,3491308,1248112,64505,20710415,384756,304822,13009,262.873,72947,
pre_consumer_rob64_128kB,107068683,49586,0.930006,1.075262,81517,8179740,100.344,0.000,8181908,989317,261774,20184047,259373,184550,49867,364.919,49586,
pre_consumer_rob64_256kB,78619758,5640,0.682896,1.464352,10930,1310367,119.887,0.000,1461592,980707,43906,15460700,56436,22176,5634,366.586,5640,
pre_consumer_rob64_64kB,115355047,78326,1.001982,0.998022,122630,13154214,107.268,0.000,13637002,986163,370739,21335961,358028,271575,65310,363.035,78326,
pre_consumer_rob96_128kB,104160119,53194,0.904743,1.105287,69263,7170913,103.532,0.000,7001182,1121811,205772,20153671,238599,185339,43554,338.162,53194,
pre_consumer_rob96_256kB,75382396,6566,0.654776,1.527240,10504,1189491,113.242,0.000,1155169,1080756,32116,15501967,50564,23393,2899,342.036,6566,
pre_consumer_rob96_64kB,112579502,94405,0.977874,1.022627,106639,11919624,111.775,0.000,10721260,1136989,308939,21265832,300640,280837,62464,335.464,94405,
pre_d_rob81_256kB,152470,4,2.708748,0.369174,38,3217,84.658,0.000,329,307,4,45014,,178,,362.395,4,
pre_dijkstra_rob128_128kB,151241,4,2.686914,0.372174,28,2250,80.357,0.000,124,318,8,44831,,183,1,339.464,4,
pre_dijkstra_rob128_256kB,151241,4,2.686914,0.372174,28,2250,80.357,0.000,124,318,8,44831,,183,1,339.464,4,
pre_dijkstra_rob128_64kB,151522,4,2.691906,0.371484,28,2182,77.929,0.000,112,318,8,44779,,183,1,339.464,4,
pre_dijkstra_rob160_128kB,151495,1,2.691426,0.371550,22,1795,81.591,0.000,139,327,2,44850,,184,1,322.227,1,
pre_dijkstra_rob160_256kB,151495,1,2.691426,0.371550,22,1795,81.591,0.000,139,327,2,44850,,184,1,322.227,1,
pre_dijkstra_rob160_64kB,151601,1,2.693309,0.371290,22,1795,81.591,0.000,139,327,2,44857,,184,1,322.227,1,
pre_dijkstra_rob192_128kB,151495,11,2.691426,0.371550,21,1675,79.762,0.000,489,327,5,45241,,188,,306.571,11,
pre_dijkstra_rob192_256kB,151495,11,2.691426,0.371550,21,1675,79.762,0.000,489,327,5,45241,,188,,306.571,11,
pre_dijkstra_rob192_64kB,152392,11,2.707362,0.369363,21,1675,79.762,0.000,489,327,5,45287,,188,,306.571,11,
pre_dijkstra_rob64_128kB,152726,1,2.713296,0.368555,48,3571,74.396,0.000,635,300,22,45141,,179,4,372.229,1,
pre_dijkstra_rob64_256kB,152726,1,2.713296,0.368555,48,3571,74.396,0.000,635,300,22,45141,,179,4,372.229,1,
pre_dijkstra_rob64_64kB,152799,1,2.714593,0.368379,48,3477,72.438,0.000,622,300,22,45131,,179,4,372.229,1,
pre_dijkstra_rob96_128kB,151233,1,2.686772,0.372194,34,2973,87.441,0.000,316,309,12,44679,,181,5,356.765,1,
pre_dijkstra_rob96_256kB,151233,1,2.686772,0.372194,34,2973,87.441,0.000,316,309,12,44679,,181,5,356.765,1,
pre_dijkstra_rob96_64kB,152226,1,2.704413,0.369766,33,2880,87.273,0.000,316,309,12,44672,,181,5,357.667,1,
pre_hj2_rob128_128kB,,,,,,,,,,,,,,,,,,
pre_hj2_rob128_256kB,,,,,,,,,,,,,,,,,,
pre_hj2_rob128_64kB,,,,,,,,,,,,,,,,,,
pre_hj2_rob160_128kB,,,,,,,,,,,,,,,,,,
pre_hj2_rob160_256kB,,,,,,,,,,,,,,,,,,
pre_hj2_rob160_64kB,,,,,,,,,,,,,,,,,,
pre_hj2_rob192_128kB,,,,,,,,,,,,,,,,,,
pre_hj2_rob192_256kB,,,,,,,,,,,,,,,,,,
pre_hj2_rob192_64kB,,,,,,,,,,,,,,,,,,
pre_hj2_rob64_128kB,,,,,,,,,,,,,,,,,,
pre_hj2_rob64_256kB,,,,,,,,,,,,,,,,,,
pre_hj2_rob64_64kB,,,,,,,,,,,,,,,,,,
pre_hj2_rob96_128kB,,,,,,,,,,,,,,,,,,
pre_hj2_rob96_256kB,,,,,,,,,,,,,,,,,,
pre_hj2_rob96_64kB,,,,,,,,,,,,,,,,,,
pre_is_rob128_128kB,,,,,,,,,,,,,,,,,,
pre_is_rob128_256kB,,,,,,,,,,,,,,,,,,
pre_is_rob128_64kB,,,,,,,,,,,,,,,,,,
pre_is_rob160_128kB,,,,,,,,,,,,,,,,,,
pre_is_rob160_256kB,,,,,,,,,,,,,,,,,,
pre_is_rob160_64kB,,,,,,,,,,,,,,,,,,
pre_is_rob192_128kB,,,,,,,,,,,,,,,,,,
pre_is_rob192_256kB,,,,,,,,,,,,,,,,,,
pre_is_rob192_64kB,,,,,,,,,,,,,,,,,,
pre_is_rob64_128kB,,,,,,,,,,,,,,,,,,
pre_is_rob64_256kB,,,,,,,,,,,,,,,,,,
pre_is_rob64_64kB,,,,,,,,,,,,,,,,,,
pre_is_rob96_128kB,,,,,,,,,,,,,,,,,,
pre_is_rob96_256kB,,,,,,,,,,,,,,,,,,
pre_is_rob96_64kB,,,,,,,,,,,,,,,,,,
pre_qsort_rob128_128kB,90535076,30160,0.687742,1.454033,31855,4234819,132.940,0.000,5725782,144902,73315,22147993,217292,50954,13910,337.286,30160,
pre_qsort_rob128_256kB,89134351,19347,0.677102,1.476883,21839,2932663,134.286,0.000,4124668,144699,55083,21916704,194578,34503,9745,338.002,19347,
pre_qsort_rob128_64kB,91616859,40198,0.695960,1.436865,40637,5341549,131.445,0.000,7105249,146371,89157,22349091,243947,64989,17887,336.307,40198,
pre_qsort_rob160_128kB,90965883,17185,0.691015,1.447147,27410,3533381,128.908,0.000,5136559,145969,105194,22249475,697206,51518,15890,321.137,17185,
pre_qsort_rob160_256kB,89693595,10185,0.681350,1.467675,19022,2466797,129.681,0.000,3693796,147361,75693,22059592,490059,35127,10860,322.244,10185,
pre_qsort_rob160_64kB,91901468,22636,0.698122,1.432415,34152,4333839,126.899,0.000,6245426,145647,126820,22401822,871840,64742,21140,319.663,22636,
pre_qsort_rob192_128kB,91167843,31446,0.692549,1.443941,28631,3518317,122.885,0.000,4083493,164042,65775,22424368,230147,58209,9822,303.271,31446,
pre_qsort_rob192_256kB,89894990,23399,0.682880,1.464387,19691,2453636,124.607,0.000,2955558,161073,49013,22256701,181062,39453,6993,305.164,23399,
pre_qsort_rob192_64kB,92120095,41481,0.699783,1.429015,36201,4333523,119.707,0.000,4933047,166761,73746,22563018,237200,73124,13268,301.327,41481,
pre_qsort_rob64_128kB,92388883,30906,0.701824,1.424858,36026,5208705,144.582,0.000,9049313,116725,82770,22171045,225105,39022,18681,373.871,30906,
pre_qsort_rob64_256kB,90945856,25002,0.690863,1.447466,25528,3712441,145.426,0.000,6203019,123343,56593,21823455,131782,27597,12179,373.886,25002,
pre_qsort_rob64_64kB,93600069,35758,0.711025,1.406420,44749,6411393,143.275,0.000,11309789,110940,105970,22474355,285307,48340,25122,373.856,35758,
pre_qsort_rob96_128kB,90755394,28367,0.689416,1.450504,34535,4801031,139.019,0.000,6915649,133380,74769,22088452,125404,50181,11439,355.434,28367,
pre_qsort_rob96_256kB,89181738,22830,0.677462,1.476098,23570,3293328,139.725,0.000,4823556,133915,51055,21813183,60459,33987,8221,355.749,22830,
pre_qsort_rob96_64kB,92086401,45783,0.699527,1.429538,44357,6113949,137.835,0.000,8485906,135206,87830,22335708,90163,64868,13822,354.901,45783,
pre_randacc200k_rob128_128kB,2069631,381,1.473750,0.678541,429,47918,111.697,0.000,7766,29584,23,283510,209,592,5,316.625,381,
pre_randacc200k_rob128_256kB,1982166,2,1.411467,0.708483,19,1703,89.632,0.000,133,29572,11,281091,,164,2,335.579,2,
pre_randacc200k_rob128_64kB,4016526,21442,2.860101,0.349638,15222,2217606,145.684,0.000,415420,29548,310,365997,21124,15655,131,316.469,21442,
pre_randacc200k_rob160_128kB,2030726,9391,1.446046,0.691541,212,22430,105.802,0.000,2285,29605,5,282454,134,589,2,293.028,9391,
pre_randacc200k_rob160_256kB,1985791,9377,1.414049,0.707189,16,1446,90.375,0.000,57,29594,1,280856,,164,1,316.000,9377,
pre_randacc200k_rob160_64kB,4166346,15976,2.966786,0.337065,9528,1424590,149.516,0.000,114160,29604,74,330642,6977,15705,36,291.349,15976,
pre_randacc200k_rob192_128kB,2032881,22826,1.447581,0.690808,27,2411,89.296,0.000,1008,29602,11,281821,230,589,,291.852,22826,
pre_randacc200k_rob192_256kB,1986137,22850,1.414295,0.707066,14,1192,85.143,0.000,198,29596,8,281185,,165,,303.071,22850,
pre_randacc200k_rob192_64kB,4182908,16938,2.978579,0.335731,106,12480,117.736,0.000,5680,29602,43,282509,3709,15720,18,275.453,16938,
pre_randacc200k_rob64_128kB,2035605,484,1.449520,0.689883,490,53211,108.594,0.000,43748,29552,120,286567,77,623,19,366.322,484,
pre_randacc200k_rob64_256kB,1984970,1,1.413464,0.707482,39,2804,71.897,0.000,278,29555,34,281070,,157,8,372.564,1,
pre_randacc200k_rob64_64kB,4000420,14505,2.848632,0.351046,15162,2194267,144.721,0.000,1544891,29182,1084,456902,3712,15309,490,366.328,14505,
pre_randacc200k_rob96_128kB,2031036,269,1.446267,0.691435,453,50129,110.660,0.000,29043,29566,60,285642,148,606,12,341.642,269,
pre_randacc200k_rob96_256kB,1984204,4,1.412919,0.707755,22,1967,89.409,0.000,251,29560,23,280914,,161,4,354.500,4,
pre_randacc200k_rob96_64kB,4061305,7130,2.891988,0.345783,15287,2240336,146.552,0.000,1121440,29501,390,424313,5093,15630,155,341.428,7130,
pre_randacc500k_rob128_128kB,10078951,55478,4.658514,0.214661,39461,6831473,173.120,0.000,1805374,85004,961,674734,62662,40627,320,316.764,55478,
pre_randacc500k_rob128_256kB,3780695,323,1.747446,0.572264,197,18820,95.533,0.000,7241,85487,15,375244,3,359,4,318.467,323,
pre_randacc500k_rob128_64kB,13006868,69254,6.011804,0.166339,62108,10019513,161.324,0.000,2281787,85264,831,783365,76080,65110,469,317.781,69254,
pre_randacc500k_rob160_128kB,10719273,44748,4.954472,0.201838,27070,4884103,180.425,0.000,343535,85412,233,518396,20306,40859,77,291.552,44748,
pre_randacc500k_rob160_256kB,3764656,26796,1.740032,0.574702,116,11553,99.595,0.000,1160,85513,2,373880,,358,1,295.060,26796,
pre_randacc500k_rob160_64kB,14914635,62577,6.893578,0.145063,53340,9592413,179.835,0.000,759585,85379,320,673702,34374,65426,137,292.820,62577,
pre_randacc500k_rob192_128kB,10821144,55921,5.001557,0.199938,112,12567,112.205,0.000,4532,85513,10,374659,2060,40928,,271.598,55921,
pre_randacc500k_rob192_256kB,3793870,58944,1.753535,0.570277,20,1509,75.450,0.000,340,85514,8,373883,,351,,301.850,58944,
pre_randacc500k_rob192_64kB,15148612,54104,7.001723,0.142822,109,13428,123.193,0.000,3351,85513,10,374250,1569,65561,,272.294,54104,
pre_randacc500k_rob64_128kB,9775945,40166,4.518464,0.221314,38883,6546876,168.374,0.000,3975344,83649,3730,826028,13661,39511,1495,366.464,40166,
pre_randacc500k_rob64_256kB,3770856,175,1.742898,0.573757,231,22792,98.667,0.000,18841,85476,69,376207,107,362,16,367.078,175,
pre_randacc500k_rob64_64kB,12885633,59265,5.955769,0.167904,60905,9841339,161.585,0.000,6042278,84747,2439,1069873,1294,64024,1617,366.947,59265,
pre_randacc500k_rob96_128kB,9995999,16337,4.620173,0.216442,39426,6762390,171.521,0.000,2980446,84529,1759,749704,34839,40324,640,341.623,16337,
pre_randacc500k_rob96_256kB,3788705,171,1.751148,0.571054,213,22097,103.742,0.000,13354,85481,33,375301,,369,7,342.634,171,
pre_randacc500k_rob96_64kB,12836704,31822,5.933154,0.168544,61669,9860608,159.896,0.000,4148866,84940,1624,916083,40073,64598,998,342.378,31822,
pre_randacc600k_rob128_128kB,27959586,147172,7.679416,0.130218,143569,22538833,156.990,0.000,6214083,208960,3345,1577397,261278,152916,1674,318.136,147172,
pre_randacc600k_rob128_256kB,22065993,125489,6.060674,0.164998,92930,16216925,174.507,0.000,4576655,206848,5856,1265179,334734,96478,1947,316.968,125489,
pre_randacc600k_rob128_64kB,30805658,172532,8.461122,0.118188,173055,25576050,147.791,0.000,7323307,209769,2048,1762490,207926,185313,1270,318.778,172532,
pre_randacc600k_rob160_128kB,33870544,159291,9.302927,0.107493,133664,25097272,187.764,0.000,2073245,209970,820,1305095,112109,154417,298,293.083,159291,
pre_randacc600k_rob160_256kB,24739161,107863,6.794890,0.147169,72791,13830575,190.004,0.000,1045185,209562,1223,941306,102440,98151,331,291.643,107863,
pre_randacc600k_rob160_64kB,37210516,167467,10.220288,0.097845,111902,20350413,181.859,0.000,2021904,210300,656,1182840,104135,186309,392,293.728,167467,
pre_randacc600k_rob192_128kB,35154333,123226,9.655534,0.103568,2430,344364,141.714,0.000,98736,210348,291,555038,60720,154592,159,265.842,123226,
pre_randacc600k_rob192_256kB,25383409,132091,6.971840,0.143434,1449,189615,130.859,0.000,76659,210184,451,549563,59295,98361,163,266.061,132091,
pre_randacc600k_rob192_64kB,40820223,119961,11.211735,0.089192,2125,304415,143.254,0.000,86564,210370,276,552448,55395,186540,174,265.992,119961,
pre_randacc600k_rob64_128kB,26994425,134486,7.414324,0.134874,139637,21493016,153.921,0.000,13736254,204137,16616,2100004,131830,144939,9517,367.144,134486,
pre_randacc600k_rob64_256kB,21530946,103573,5.913717,0.169098,92302,15653496,169.590,0.000,9584150,200975,17021,1613758,71473,91999,6427,366.619,103573,
pre_randacc600k_rob64_64kB,30048977,123755,8.253291,0.121164,167291,24672093,147.480,0.000,15494228,207260,11605,2329120,62876,178157,8218,367.441,123755,
pre_randacc600k_rob96_128kB,26626652,62071,7.313311,0.136737,141452,21240979,150.164,0.000,9975199,206780,8930,1824827,164627,149663,4569,342.657,62071,
pre_randacc600k_rob96_256kB,20906292,46248,5.742149,0.174151,91459,15180430,165.981,0.000,7201013,202942,12853,1423827,219252,93717,4548,341.779,46248,
pre_randacc600k_rob96_64kB,30540588,69181,8.388317,0.119213,173265,25293794,145.983,0.000,11600466,208936,4900,2076068,101240,183209,3196,343.210,69181,
pre_susan_rob128_128kB,55833233,39290,1.476477,0.677288,10623,1035521,97.479,0.000,1501934,119551,78487,4191928,306112,21199,7481,319.363,39290,
pre_susan_rob128_256kB,55809398,39305,1.475847,0.677577,10591,1054781,99.592,0.000,1471826,119111,83773,4195362,286873,21159,7556,319.349,39305,
pre_susan_rob128_64kB,55805129,39201,1.475734,0.677629,10629,1032971,97.184,0.000,1496843,119715,82619,4205355,272075,21224,7493,319.351,39201,
pre_susan_rob160_128kB,55654271,46334,1.471745,0.679466,10422,966817,92.767,0.000,1189512,147829,67614,4171851,326784,21277,7404,294.099,46334,
pre_susan_rob160_256kB,55628018,46341,1.471050,0.679786,10440,981812,94.043,0.000,1186222,147697,67761,4170764,342317,21297,7433,294.093,46341,
pre_susan_rob160_64kB,55619091,46351,1.470814,0.679896,10374,960749,92.611,0.000,1182634,147575,67514,4170326,326077,21302,7380,294.113,46351,
pre_susan_rob192_128kB,55546160,47119,1.468886,0.680788,10345,823908,79.643,0.000,951012,176093,65221,4183897,225028,21021,7414,270.145,47119,
pre_susan_rob192_256kB,55533171,47273,1.468542,0.680947,10285,839155,81.590,0.000,961627,175105,56892,4179372,276433,21003,7311,270.148,47273,
pre_susan_rob192_64kB,55520174,47156,1.468198,0.681107,10361,821538,79.291,0.000,952093,176290,65295,4183441,219756,21022,7410,270.125,47156,
pre_susan_rob64_128kB,56632895,5005,1.497624,0.667724,13257,1638658,123.607,0.000,2147866,60225,117985,4200866,244188,19666,8545,366.780,5005,
pre_susan_rob64_256kB,56602304,4982,1.496815,0.668085,13208,1648161,124.785,0.000,2148771,59920,118132,4201645,251598,19654,8548,366.781,4982,
pre_susan_rob64_64kB,56590092,4990,1.496492,0.668230,13150,1639958,124.712,0.000,2184446,59865,117157,4197403,249847,19689,8522,366.774,4990,
pre_susan_rob96_128kB,56043425,152247,1.482035,0.674748,13108,1362930,103.977,0.000,1762067,89271,100889,4198799,263169,20315,7884,341.058,152247,
pre_susan_rob96_256kB,56018608,152260,1.481379,0.675047,13100,1376740,105.095,0.000,1766855,88960,100970,4200303,272850,20329,7778,341.044,152260,
pre_susan_rob96_64kB,56013809,152284,1.481252,0.675104,13182,1360898,103.239,0.000,1614878,89727,101357,4201944,257387,20339,7860,341.069,152284,
run_bzip2d_rob128_128kB,414433167,229323,2.331059,0.428990,1117411,223642039,200.143,7.475,160479450,1527555,143227,64799962,414,1134328,7341,,,
run_bzip2d_rob128_256kB,399763705,219121,2.248547,0.444732,1050871,209692611,199.542,7.248,148167863,1515270,139767,63622501,449,1066943,6339,,,
run_bzip2d_rob128_64kB,421334652,236575,2.369877,0.421963,1150699,230576931,200.380,7.636,166873659,1545821,148399,65405395,580,1168184,8076,,,
run_bzip2d_rob160_128kB,412746958,209370,2.321574,0.430742,1079046,222311224,206.026,7.360,158017927,1548734,41120,65237507,364,1134301,7516,,,
run_bzip2d_rob160_256kB,398099232,197042,2.239185,0.446591,1013056,208425668,205.740,7.125,145514234,1547455,39195,64060229,409,1066912,6470,,,
run_bzip2d_rob160_64kB,419669878,217104,2.360513,0.423637,1112137,229232603,206.119,7.487,164501562,1554845,45658,65842069,551,1168199,8235,,,
run_bzip2d_rob192_128kB,412813790,200440,2.321950,0.430672,1078167,222140501,206.035,7.287,157756014,1562830,17737,65507059,323,1134561,7351,,,
run_bzip2d_rob192_256kB,398123822,181863,2.239324,0.446563,1012184,208245518,205.739,7.054,145093605,1558203,16948,64323231,391,1067027,6399,,,
run_bzip2d_rob192_64kB,419691321,210353,2.360634,0.423615,1111162,229041916,206.128,7.432,164300679,1569426,21399,66114365,500,1168467,8035,,,
run_bzip2d_rob64_128kB,420513578,241327,2.365259,0.422787,1127512,227369050,201.656,8.569,168647271,1363466,335660,61630126,427,1134478,7631,,,
run_bzip2d_rob64_256kB,405834945,222697,2.282696,0.438078,1060797,213426377,201.194,8.404,158542789,1360189,328225,60454717,444,1067338,6643,,,
run_bzip2d_rob64_64kB,427402126,251177,2.404005,0.415973,1160879,234278140,201.811,8.670,173755116,1377161,343603,62232165,612,1168151,8472,,,
run_bzip2d_rob96_128kB,415574271,231838,2.337477,0.427812,1120646,225162837,200.922,7.920,163702761,1458731,218685,64091602,393,1134093,7521,,,
run_bzip2d_rob96_256kB,400890653,212500,2.254886,0.443481,1053941,211204817,200.395,7.707,152480764,1450074,213738,62911404,435,1066763,6496,,,
run_bzip2d_rob96_64kB,422517948,241958,2.376533,0.420781,1153990,232111871,201.139,8.053,169480143,1475161,224375,64693144,588,1167966,8259,,,
run_cg_rob128_128kB,342100752,2164035,2.570804,0.388983,2260155,196185461,86.802,47.949,167241373,22872792,29616024,58872560,653,5100854,3954345,,,
run_cg_rob128_256kB,339962741,2159362,2.554737,0.391430,2240049,195793268,87.406,48.210,166906362,22781772,29613681,58721615,737,5064536,3979660,,,
run_cg_rob128_64kB,343856238,2161729,2.583996,0.386998,2259944,196953301,87.150,48.135,167134346,22846549,29600828,58868392,664,5094195,3951030,,,
run_cg_rob160_128kB,340039910,2296364,2.555317,0.391341,2249270,194387547,86.423,48.465,163831365,23628809,28909003,58872262,669,5263503,3572209,,,
run_cg_rob160_256kB,337732184,2287327,2.537975,0.394015,2226426,194182429,87.217,48.796,163102296,23532758,28865733,58634098,727,5237546,3574545,,,
run_cg_rob160_64kB,341876522,2289560,2.569119,0.389239,2248608,195455457,86.923,48.864,163418119,23587339,28871241,58827553,663,5268380,3559181,,,
run_cg_rob192_128kB,339894814,2353183,2.554227,0.391508,2243254,194239985,86.588,49.135,162012995,24080145,28369679,58836220,669,5321814,3469904,,,
run_cg_rob192_256kB,337642265,2348822,2.537299,0.394120,2223751,194187760,87.324,49.223,161564510,23997702,28341673,58648477,729,5289759,3482265,,,
run_cg_rob192_64kB,341662641,2353518,2.567511,0.389482,2243960,195188588,86.984,49.276,161579254,24067646,28338439,58801909,688,5318565,3453941,,,
run_cg_rob64_128kB,354515637,1743670,2.664099,0.375361,2219616,207140728,93.323,50.964,187950480,17814390,32885521,60021238,642,4400479,4383388,,,
run_cg_rob64_256kB,352045856,1743787,2.645539,0.377995,2202195,206734281,93.876,50.976,188130987,17743363,32937433,59928712,707,4361199,4415450,,,
run_cg_rob64_64kB,356496612,1738945,2.678985,0.373276,2221438,208275590,93.757,51.159,187777416,17782822,32863628,60022920,664,4407182,4376400,,,
run_cg_rob96_128kB,343322424,2115124,2.579984,0.387599,2241415,196203751,87.536,48.197,168237077,21942399,29860830,58365450,636,5121785,3995806,,,
run_cg_rob96_256kB,340868112,2111832,2.561541,0.390390,2222454,195706345,88.059,48.295,168114781,21878096,29881354,58237705,719,5067806,4026992,,,
run_cg_rob96_64kB,344870317,2114919,2.591616,0.385860,2240870,196836599,87.839,48.300,168427681,21910889,29886733,58396983,647,5110810,4002141,,,
run_consumer_rob128_128kB,103670364,44633,0.900489,1.110508,77890,8083284,103.778,57.824,8720766,1024519,344155,20432388,3058,116346,97575,,,
run_consumer_rob128_256kB,74497460,8896,0.647089,1.545382,9898,1248292,126.116,57.626,1711853,1102713,50181,15583855,879,18386,6106,,,
run_consumer_rob128_64kB,111533093,67169,0.968785,1.032221,113890,13060459,114.676,60.284,12196209,960776,442059,21451882,3730,166066,134907,,,
run_consumer_rob160_128kB,103544809,47563,0.899398,1.111855,77774,8036253,103.328,57.678,8470896,1021886,340117,20529520,3007,117163,97192,,,
run_consumer_rob160_256kB,74318144,12120,0.645532,1.549111,9923,1258738,126.851,57.696,1667769,1096950,48539,15637683,900,18686,6199,,,
run_consumer_rob160_64kB,111373361,66972,0.967397,1.033702,113785,12977973,114.057,60.153,11949023,967720,427864,21568727,3677,170109,131254,,,
run_consumer_rob192_128kB,103388800,48984,0.898042,1.113533,77584,8017357,103.338,57.938,8340598,1031227,335190,20560891,3162,118335,96426,,,
run_consumer_rob192_256kB,74242623,12524,0.644876,1.550687,9906,1265244,127.725,57.618,1638409,1099647,46819,15653821,948,18782,5833,,,
run_consumer_rob192_64kB,111319272,68407,0.966927,1.034204,113718,13022291,114.514,60.587,11858488,974702,428747,21621251,3794,169613,131501,,,
run_consumer_rob64_128kB,106686301,43720,0.926685,1.079116,75077,8102782,107.926,55.227,9448130,876173,379297,20146527,3029,106618,109821,,,
run_consumer_rob64_256kB,78401008,5989,0.680996,1.468438,9847,1276188,129.602,54.801,1917003,955931,57012,15398472,886,17177,6815,,,
run_consumer_rob64_64kB,114378137,74190,0.993497,1.006546,111029,13172909,118.644,57.819,13801691,828215,484251,21137819,3459,158646,142026,,,
run_consumer_rob96_128kB,104402417,48639,0.906847,1.102722,76602,8158971,106.511,56.550,9117359,956736,353836,20280981,3031,112696,101248,,,
run_consumer_rob96_256kB,75327544,6645,0.654299,1.528352,9785,1253184,128.072,55.964,1801330,1049779,53359,15481132,893,16907,6742,,,
run_consumer_rob96_64kB,112212376,84847,0.974685,1.025973,112815,13136570,116.443,59.136,12805495,908430,455773,21324792,3591,161637,139759,,,
run_d_rob81_256kB,152124,18,2.702601,0.370014,101,10525,104.208,67.316,8544,280,93,45115,4,136,44,,,
run_dijkstra_rob128_128kB,152401,18,2.707522,0.369341,101,10422,103.188,67.348,8396,286,88,45524,4,139,44,,,
run_dijkstra_rob128_256kB,152401,18,2.707522,0.369341,101,10422,103.188,67.348,8396,286,88,45524,4,139,44,,,
run_dijkstra_rob128_64kB,152621,18,2.711431,0.368809,101,10422,103.188,67.348,8396,286,88,45531,4,139,44,,,
run_dijkstra_rob160_128kB,152401,18,2.707522,0.369341,101,10430,103.267,67.411,8348,288,86,45641,4,139,44,,,
run_dijkstra_rob160_256kB,152401,18,2.707522,0.369341,101,10430,103.267,67.411,8348,288,86,45641,4,139,44,,,
run_dijkstra_rob160_64kB,152568,18,2.710489,0.368937,101,10430,103.267,67.411,8348,288,86,45648,4,139,44,,,
run_dijkstra_rob192_128kB,152401,21,2.707522,0.369341,101,10430,103.267,67.402,8316,288,86,45735,4,139,44,,,
run_dijkstra_rob192_256kB,152401,21,2.707522,0.369341,101,10430,103.267,67.402,8316,288,86,45735,4,139,44,,,
run_dijkstra_rob192_64kB,152662,21,2.712159,0.368710,101,10430,103.267,67.402,8316,288,86,45742,4,139,44,,,
run_dijkstra_rob64_128kB,152397,17,2.707451,0.369351,100,10404,104.040,67.637,8270,280,92,44867,4,136,43,,,
run_dijkstra_rob64_256kB,152397,17,2.707451,0.369351,100,10404,104.040,67.637,8270,280,92,44867,4,136,43,,,
run_dijkstra_rob64_64kB,152519,17,2.709618,0.369056,100,10404,104.040,67.637,8270,280,92,44886,4,136,43,,,
run_dijkstra_rob96_128kB,152401,18,2.707522,0.369341,101,10420,103.168,67.303,8467,281,93,45273,4,138,44,,,
run_dijkstra_rob96_256kB,152401,18,2.707522,0.369341,101,10420,103.168,67.303,8467,281,93,45273,4,138,44,,,
run_dijkstra_rob96_64kB,152557,18,2.710293,0.368964,101,10420,103.168,67.303,8467,281,93,45282,4,138,44,,,
run_hj2_rob128_128kB,,,,,,,,,,,,,,,,,,
run_hj2_rob128_256kB,,,,,,,,,,,,,,,,,,
run_hj2_rob128_64kB,,,,,,,,,,,,,,,,,,
run_hj2_rob160_128kB,,,,,,,,,,,,,,,,,,
run_hj2_rob160_256kB,,,,,,,,,,,,,,,,,,
run_hj2_rob160_64kB,,,,,,,,,,,,,,,,,,
run_hj2_rob192_128kB,,,,,,,,,,,,,,,,,,
run_hj2_rob192_256kB,,,,,,,,,,,,,,,,,,
run_hj2_rob192_64kB,,,,,,,,,,,,,,,,,,
run_hj2_rob64_128kB,,,,,,,,,,,,,,,,,,
run_hj2_rob64_256kB,,,,,,,,,,,,,,,,,,
run_hj2_rob64_64kB,,,,,,,,,,,,,,,,,,
run_hj2_rob96_128kB,,,,,,,,,,,,,,,,,,
run_hj2_rob96_256kB,,,,,,,,,,,,,,,,,,
run_hj2_rob96_64kB,,,,,,,,,,,,,,,,,,
run_is_rob128_128kB,,,,,,,,,,,,,,,,,,
run_is_rob128_256kB,,,,,,,,,,,,,,,,,,
run_is_rob128_64kB,,,,,,,,,,,,,,,,,,
run_is_rob160_128kB,,,,,,,,,,,,,,,,,,
run_is_rob160_256kB,,,,,,,,,,,,,,,,,,
run_is_rob160_64kB,,,,,,,,,,,,,,,,,,
run_is_rob192_128kB,,,,,,,,,,,,,,,,,,
run_is_rob192_256kB,,,,,,,,,,,,,,,,,,
run_is_rob192_64kB,,,,,,,,,,,,,,,,,,
run_is_rob64_128kB,,,,,,,,,,,,,,,,,,
run_is_rob64_256kB,,,,,,,,,,,,,,,,,,
run_is_rob64_64kB,,,,,,,,,,,,,,,,,,
run_is_rob96_128kB,,,,,,,,,,,,,,,,,,
run_is_rob96_256kB,,,,,,,,,,,,,,,,,,
run_is_rob96_64kB,,,,,,,,,,,,,,,,,,
run_qsort_rob128_128kB,90807588,39063,0.689812,1.449670,29848,4511126,151.137,41.483,7534713,107010,85364,22277593,2438,41682,22913,,,
run_qsort_rob128_256kB,89344244,26230,0.678696,1.473414,20540,3127412,152.260,41.039,5361867,118487,61860,22008095,2013,28179,15890,,,
run_qsort_rob128_64kB,91818038,50722,0.697488,1.433716,37685,5620206,149.136,41.843,9274468,94024,109301,22502602,2635,52592,30040,,,
run_qsort_rob160_128kB,91614555,37267,0.695942,1.436901,29386,4403245,149.842,42.497,7139111,115422,79783,22475911,2444,46007,21512,,,
run_qsort_rob160_256kB,90173656,24582,0.684997,1.459861,20299,3066076,151.046,42.632,5100463,125775,57918,22214922,2067,31496,14519,,,
run_qsort_rob160_64kB,92757668,48759,0.704626,1.419193,36895,5481019,148.557,42.851,8781135,103459,101834,22696496,2640,57412,28567,,,
run_qsort_rob192_128kB,91612432,36928,0.695926,1.436934,28957,4329221,149.505,43.487,6821531,122012,76489,22713872,2453,48974,20174,,,
run_qsort_rob192_256kB,90197980,24259,0.685181,1.459467,20109,3013283,149.847,43.365,4889892,132184,54925,22456927,2062,34431,13222,,,
run_qsort_rob192_64kB,92708725,47765,0.704254,1.419942,36323,5366840,147.753,43.724,8356456,110239,96565,22927629,2635,60158,27565,,,
run_qsort_rob64_128kB,92243968,41633,0.700724,1.427096,31480,4844577,153.894,39.556,8662569,89043,99735,22002010,2520,32874,25216,,,
run_qsort_rob64_256kB,90707491,27269,0.689052,1.451270,21768,3356798,154.208,38.825,6201023,104555,72427,21710571,2069,22600,17437,,,
run_qsort_rob64_64kB,93403411,54078,0.709531,1.409381,39127,5973601,152.672,40.264,10538367,74091,125871,22236620,2750,40649,33200,,,
run_qsort_rob96_128kB,90724348,40764,0.689180,1.451000,30710,4680468,152.409,40.632,8041117,96448,92373,22091042,2406,37218,24199,,,
run_qsort_rob96_256kB,89181503,26474,0.677460,1.476102,21150,3235196,152.964,40.051,5725378,108883,67004,21807469,2063,25654,16529,,,
run_qsort_rob96_64kB,91874253,52935,0.697915,1.432839,38557,5807760,150.628,40.765,9900672,83214,117758,22323956,2758,46421,32059,,,
run_randacc200k_rob128_128kB,2035972,883,1.449782,0.689759,486,54442,112.021,79.051,23470,29535,133,287173,7,531,52,,,
run_randacc200k_rob128_256kB,1982678,16,1.411832,0.708300,72,6234,86.583,64.854,5480,29558,95,280758,2,114,42,,,
run_randacc200k_rob128_64kB,4371177,19864,3.112642,0.321270,15203,2343139,154.123,83.336,863817,28818,993,514504,98,15201,516,,,
run_randacc200k_rob160_128kB,2039005,9388,1.451941,0.688733,483,54142,112.095,84.746,12247,29542,126,288062,5,527,51,,,
run_randacc200k_rob160_256kB,1986189,9391,1.414332,0.707048,72,6231,86.542,64.805,5444,29555,95,280604,2,114,42,,,
run_randacc200k_rob160_64kB,4366584,16460,3.109372,0.321608,15195,2340198,154.011,86.037,637290,28831,994,512286,90,15191,523,,,
run_randacc200k_rob192_128kB,2039005,22027,1.451941,0.688733,483,54170,112.153,85.256,11456,29539,126,288470,4,527,51,,,
run_randacc200k_rob192_256kB,1987302,22858,1.415125,0.706652,72,6933,96.292,63.320,5505,29552,95,280968,2,114,42,,,
run_randacc200k_rob192_64kB,4365619,16804,3.108685,0.321679,15185,2338482,153.999,86.398,621982,28822,993,513668,95,15188,527,,,
run_randacc200k_rob64_128kB,2039263,514,1.452125,0.688646,486,55849,114.916,70.916,49879,29518,148,287325,8,528,53,,,
run_randacc200k_rob64_256kB,1984790,17,1.413336,0.707546,74,6253,84.500,64.257,5737,29546,96,280445,2,114,43,,,
run_randacc200k_rob64_64kB,4367689,20337,3.110159,0.321527,15227,2341607,153.780,77.819,1642665,28802,1039,509571,180,15218,499,,,
run_randacc200k_rob96_128kB,2039224,278,1.452097,0.688659,488,56732,116.254,74.776,36382,29539,134,287078,7,532,55,,,
run_randacc200k_rob96_256kB,1984212,16,1.412924,0.707752,73,6243,85.521,64.857,5523,29553,95,280191,2,115,42,,,
run_randacc200k_rob96_64kB,4368830,6712,3.110971,0.321443,15211,2343484,154.065,80.057,1198159,28822,986,509517,124,15215,504,,,
run_randacc500k_rob128_128kB,11206436,48444,5.179640,0.193064,39775,7334650,184.404,86.173,2287257,83439,2797,980748,157,39373,1524,,,
run_randacc500k_rob128_256kB,3782203,377,1.748143,0.572036,249,26071,104.703,74.972,13483,85461,111,376204,3,298,43,,,
run_randacc500k_rob128_64kB,15758356,69574,7.283548,0.137296,63518,11805879,185.867,85.616,4124230,83730,3174,1339775,107,62606,2912,,,
run_randacc500k_rob160_128kB,11185728,45477,5.170069,0.193421,39749,7317706,184.098,88.339,1714686,83373,2880,977246,152,39333,1568,,,
run_randacc500k_rob160_256kB,3793633,27701,1.753426,0.570312,249,24441,98.157,79.256,8269,85465,109,375617,2,298,43,,,
run_randacc500k_rob160_64kB,15741758,62750,7.275876,0.137440,63476,11792940,185.786,86.752,3610801,83716,3167,1336572,106,62564,2948,,,
run_randacc500k_rob192_128kB,11194886,43096,5.174302,0.193263,39723,7327526,184.466,88.680,1670108,83358,2871,978096,168,39321,1568,,,
run_randacc500k_rob192_256kB,3793091,58457,1.753175,0.570394,249,25530,102.530,81.108,7956,85460,109,376146,2,298,43,,,
run_randacc500k_rob192_64kB,15728696,60345,7.269839,0.137555,63369,11779714,185.891,86.888,3572590,83717,3256,1336594,112,62415,3101,,,
run_randacc500k_rob64_128kB,11223733,57844,5.187635,0.192766,39870,7360599,184.615,81.735,4245639,83590,2625,964258,165,39469,1428,,,
run_randacc500k_rob64_256kB,3794254,225,1.753713,0.570219,259,24652,95.181,66.761,24962,85454,110,376063,2,303,46,,,
run_randacc500k_rob64_64kB,15764944,105301,7.286593,0.137238,63605,11830315,185.997,82.013,6733697,83827,2962,1311912,117,62762,2757,,,
run_randacc500k_rob96_128kB,11215527,15382,5.183842,0.192907,39804,7347510,184.592,83.524,3127360,83431,2798,975260,190,39408,1493,,,
run_randacc500k_rob96_256kB,3786214,120,1.749997,0.571430,255,24427,95.792,69.636,18956,85460,112,375222,3,303,44,,,
run_randacc500k_rob96_64kB,15744592,25144,7.277186,0.137416,63464,11794356,185.843,83.626,5010394,83769,3129,1333973,122,62541,2977,,,
run_randacc600k_rob128_128kB,30810256,145763,8.462385,0.118170,126229,23517795,186.311,84.441,8567192,191323,40292,2470888,783,111593,42429,,,
run_randacc600k_rob128_256kB,22313964,103571,6.128782,0.163165,82738,15320361,185.167,84.187,5358886,179337,44214,1834883,1505,74035,23996,,,
run_randacc600k_rob128_64kB,35931859,173307,9.869091,0.101326,151881,28478859,187.508,84.758,10587749,202802,31869,2832452,444,133794,52224,,,
run_randacc600k_rob160_128kB,30784940,132434,8.455431,0.118267,126254,23488616,186.043,85.840,7481067,191672,40048,2467660,692,111323,42714,,,
run_randacc600k_rob160_256kB,22456658,100184,6.167975,0.162128,83235,15441501,185.517,86.478,4181705,180228,43004,1838699,1157,74725,23345,,,
run_randacc600k_rob160_64kB,35938047,152271,9.870790,0.101309,151732,28488524,187.756,85.568,9768067,202825,31784,2829138,412,133688,52301,,,
run_randacc600k_rob192_128kB,30764183,128449,8.449730,0.118347,126273,23473822,185.897,85.993,7416897,191617,40319,2467920,718,111178,42861,,,
run_randacc600k_rob192_256kB,22438660,97155,6.163031,0.162258,83051,15428102,185.767,86.802,4074403,180036,43093,1835456,1208,74652,23408,,,
run_randacc600k_rob192_64kB,35901050,150476,9.860629,0.101413,151776,28448925,187.440,85.637,9735646,202990,31628,2830577,419,133608,52411,,,
run_randacc600k_rob64_128kB,30920322,199483,8.492615,0.117749,126809,23625485,186.308,81.340,13865017,191735,39612,2441141,879,112146,41884,,,
run_randacc600k_rob64_256kB,22383376,119652,6.147847,0.162659,82965,15387419,185.469,80.429,9390669,179784,43642,1806205,1757,74370,23689,,,
run_randacc600k_rob64_64kB,35396198,246860,9.721965,0.102860,150054,27989315,186.528,81.540,16220878,201477,34611,2781169,637,130954,54972,,,
run_randacc600k_rob96_128kB,30859311,54388,8.475858,0.117982,126542,23560438,186.187,82.446,10432429,191559,40029,2463989,929,111733,42291,,,
run_randacc600k_rob96_256kB,22320095,38442,6.130466,0.163120,82862,15326218,184.961,81.733,7097718,179417,44167,1824557,1771,74160,23870,,,
run_randacc600k_rob96_64kB,35974125,65248,9.880699,0.101207,151947,28529292,187.758,82.843,12315804,202514,32029,2827386,544,133952,52043,,,
run_susan_rob128_128kB,56332675,38888,1.489685,0.671283,13128,1634168,124.480,38.039,2409556,22665,130039,4371622,11466,17227,11490,,,
run_susan_rob128_256kB,56301281,38869,1.488854,0.671657,13094,1638503,125.134,38.195,2407146,22670,129827,4370780,11051,17184,11489,,,
run_susan_rob128_64kB,56297578,38855,1.488756,0.671702,13169,1629327,123.724,37.789,2410528,22869,130016,4370948,10563,17217,11488,,,
run_susan_rob160_128kB,56291950,46399,1.488608,0.671769,13197,1649056,124.957,38.537,2399507,22861,129886,4401097,9932,17293,11453,,,
run_susan_rob160_256kB,56251657,46361,1.487542,0.672250,13153,1648832,125.358,38.761,2395898,22825,129826,4400247,9954,17253,11472,,,
run_susan_rob160_64kB,56250118,46390,1.487501,0.672268,13251,1645619,124.188,38.424,2401497,23016,130035,4401423,10487,17285,11470,,,
run_susan_rob192_128kB,56278824,46994,1.488260,0.671925,13155,1636882,124.430,38.279,2384714,22610,130063,4431481,9921,16901,11468,,,
run_susan_rob192_256kB,56226763,46983,1.486884,0.672548,13091,1637867,125.114,38.452,2379083,22442,129797,4429476,9704,16871,11470,,,
run_susan_rob192_64kB,56241879,47005,1.487283,0.672367,13130,1632172,124.309,38.211,2381522,22586,129927,4430598,9676,16920,11451,,,
run_susan_rob64_128kB,56887187,7150,1.504348,0.664740,13334,1805746,135.424,41.555,2686111,21596,130676,4252675,10729,16299,11849,,,
run_susan_rob64_256kB,56856493,7152,1.503537,0.665099,13302,1817476,136.632,41.934,2687088,21535,130657,4252195,11566,16279,11859,,,
run_susan_rob64_64kB,56852782,7171,1.503438,0.665142,13358,1807870,135.340,41.534,2690186,21638,130796,4253051,11737,16318,11831,,,
run_susan_rob96_128kB,56424112,157075,1.492103,0.670195,13199,1658080,125.622,37.747,2498538,22852,129750,4312514,12287,16653,11529,,,
run_susan_rob96_256kB,56371716,157065,1.490717,0.670818,13149,1671386,127.111,38.290,2497543,22802,129747,4310558,11277,16652,11549,,,
run_susan_rob96_64kB,56387048,157094,1.491122,0.670636,13209,1658030,125.523,37.608,2498392,22895,129816,4311329,12035,16693,11517,,,

